InvoiceNo,StockCode,Description,Quantity,InvoiceDate,UnitPrice,CustomerID,Country
C536379,D,Discount,-1,2011-01-22 09:41:00,27.5,14527.0,United Kingdom
C536383,35004C,SET OF 3 COLOURED  FLYING DUCKS,-1,2011-02-04 09:49:00,4.65,15311.0,United Kingdom
C536391,22556,PLASTERS IN TIN CIRCUS PARADE ,-12,2011-04-26 10:24:00,1.65,17548.0,United Kingdom
C536391,21984,PACK OF 12 PINK PAISLEY TISSUES ,-24,2011-04-27 10:24:00,0.29,17548.0,United Kingdom
C536391,21983,PACK OF 12 BLUE PAISLEY TISSUES ,-24,2011-04-28 10:24:00,0.29,17548.0,United Kingdom
C536391,21980,PACK OF 12 RED RETROSPOT TISSUES ,-24,2011-04-29 10:24:00,0.29,17548.0,United Kingdom
C536391,21484,CHICK GREY HOT WATER BOTTLE,-12,2011-04-30 10:24:00,3.45,17548.0,United Kingdom
C536391,22557,PLASTERS IN TIN VINTAGE PAISLEY ,-12,2011-01-01 10:24:00,1.65,17548.0,United Kingdom
C536391,22553,PLASTERS IN TIN SKULLS,-24,2011-01-02 10:24:00,1.65,17548.0,United Kingdom
536414,22139,,56,2011-01-23 11:52:00,0.0,,United Kingdom
C536506,22960,JAM MAKING SET WITH JARS,-6,2011-04-10 12:38:00,4.25,17897.0,United Kingdom
C536543,22632,HAND WARMER RED RETROSPOT,-1,2011-01-02 14:30:00,2.1,17841.0,United Kingdom
C536543,22355,CHARLOTTE BAG SUKI DESIGN,-2,2011-01-03 14:30:00,0.85,17841.0,United Kingdom
536544,21773,DECORATIVE ROSE BATHROOM BOTTLE,1,2011-01-04 14:32:00,2.51,,United Kingdom
536544,21774,DECORATIVE CATS BATHROOM BOTTLE,2,2011-01-05 14:32:00,2.51,,United Kingdom
536544,21786,POLKADOT RAIN HAT ,4,2011-01-06 14:32:00,0.85,,United Kingdom
536544,21787,RAIN PONCHO RETROSPOT,2,2011-01-07 14:32:00,1.66,,United Kingdom
536544,21790,VINTAGE SNAP CARDS,9,2011-01-08 14:32:00,1.66,,United Kingdom
536544,21791,VINTAGE HEADS AND TAILS CARD GAME ,2,2011-01-09 14:32:00,2.51,,United Kingdom
536544,21801,CHRISTMAS TREE DECORATION WITH BELL,10,2011-01-10 14:32:00,0.43,,United Kingdom
536544,21802,CHRISTMAS TREE HEART DECORATION,9,2011-01-11 14:32:00,0.43,,United Kingdom
536544,21803,CHRISTMAS TREE STAR DECORATION,11,2011-01-12 14:32:00,0.43,,United Kingdom
536544,21809,CHRISTMAS HANGING TREE WITH BELL,1,2011-01-13 14:32:00,2.51,,United Kingdom
536544,21810,CHRISTMAS HANGING STAR WITH BELL,3,2011-01-14 14:32:00,2.51,,United Kingdom
536544,21811,CHRISTMAS HANGING HEART WITH BELL,1,2011-01-15 14:32:00,2.51,,United Kingdom
536544,21821,GLITTER STAR GARLAND WITH BELLS ,1,2011-01-16 14:32:00,7.62,,United Kingdom
536544,21822,GLITTER CHRISTMAS TREE WITH BELLS,1,2011-01-17 14:32:00,4.21,,United Kingdom
536544,21823,PAINTED METAL HEART WITH HOLLY BELL,2,2011-01-18 14:32:00,2.98,,United Kingdom
536544,21844,RED RETROSPOT MUG,2,2011-01-19 14:32:00,5.91,,United Kingdom
536544,21851,LILAC DIAMANTE PEN IN GIFT BOX,1,2011-01-20 14:32:00,4.21,,United Kingdom
536544,21870,I CAN ONLY PLEASE ONE PERSON MUG,1,2011-01-21 14:32:00,3.36,,United Kingdom
536544,21871,SAVE THE PLANET MUG,5,2011-01-22 14:32:00,3.36,,United Kingdom
536544,21874,GIN AND TONIC MUG,1,2011-01-23 14:32:00,3.36,,United Kingdom
536544,21879,HEARTS GIFT TAPE,1,2011-01-24 14:32:00,1.66,,United Kingdom
536544,21884,CAKES AND BOWS GIFT  TAPE,1,2011-01-25 14:32:00,1.66,,United Kingdom
536544,21888,BINGO SET,1,2011-01-26 14:32:00,7.62,,United Kingdom
536544,21889,WOODEN BOX OF DOMINOES,2,2011-01-27 14:32:00,2.51,,United Kingdom
536544,21892,TRADITIONAL WOODEN CATCH CUP GAME ,3,2011-01-28 14:32:00,2.51,,United Kingdom
536544,21894,POTTING SHED SEED ENVELOPES,1,2011-01-29 14:32:00,2.51,,United Kingdom
536544,21911,GARDEN METAL SIGN ,1,2011-01-30 14:32:00,3.36,,United Kingdom
536544,21912,VINTAGE SNAKES & LADDERS,3,2011-01-31 14:32:00,7.62,,United Kingdom
536544,21913,VINTAGE SEASIDE JIGSAW PUZZLES,1,2011-02-01 14:32:00,7.62,,United Kingdom
536544,21914,BLUE HARMONICA IN BOX ,3,2011-02-02 14:32:00,2.51,,United Kingdom
536544,21915,RED  HARMONICA IN BOX ,2,2011-02-03 14:32:00,2.51,,United Kingdom
536544,21922,UNION STRIPE WITH FRINGE  HAMMOCK,2,2011-02-04 14:32:00,16.98,,United Kingdom
536544,21928,JUMBO BAG SCANDINAVIAN PAISLEY,1,2011-02-05 14:32:00,4.21,,United Kingdom
536544,21935,SUKI  SHOULDER BAG,1,2011-02-06 14:32:00,3.36,,United Kingdom
536544,21942,SKULLS DESIGN FLANNEL,2,2011-02-07 14:32:00,1.66,,United Kingdom
536544,21944,KITTENS DESIGN FLANNEL,1,2011-02-08 14:32:00,1.66,,United Kingdom
536544,21949,SET OF 6 STRAWBERRY CHOPSTICKS,1,2011-02-09 14:32:00,2.51,,United Kingdom
536544,21975,PACK OF 60 DINOSAUR CAKE CASES,1,2011-02-10 14:32:00,1.28,,United Kingdom
536544,21977,PACK OF 60 PINK PAISLEY CAKE CASES,1,2011-02-11 14:32:00,1.28,,United Kingdom
536544,21982,PACK OF 12 SUKI TISSUES ,1,2011-02-12 14:32:00,0.85,,United Kingdom
536544,21990,MODERN FLORAL STATIONERY SET,2,2011-02-13 14:32:00,2.51,,United Kingdom
536544,21991,BOHEMIAN COLLAGE STATIONERY SET,1,2011-02-14 14:32:00,2.51,,United Kingdom
536544,21992,VINTAGE PAISLEY STATIONERY SET,6,2011-02-15 14:32:00,2.51,,United Kingdom
536544,21993,FLORAL FOLK STATIONERY SET,4,2011-02-16 14:32:00,2.51,,United Kingdom
536544,22037,ROBOT BIRTHDAY CARD,1,2011-02-17 14:32:00,0.85,,United Kingdom
536544,22043,CHRISTMAS CARD SCREEN PRINT ,1,2011-02-18 14:32:00,0.43,,United Kingdom
536544,22064,PINK DOUGHNUT TRINKET POT ,1,2011-02-19 14:32:00,3.36,,United Kingdom
536544,22065,CHRISTMAS PUDDING TRINKET POT ,1,2011-02-20 14:32:00,3.36,,United Kingdom
536544,22067,CHOC TRUFFLE GOLD TRINKET POT ,1,2011-02-21 14:32:00,3.36,,United Kingdom
536544,22068,BLACK PIRATE TREASURE CHEST,1,2011-02-22 14:32:00,3.36,,United Kingdom
536544,22069,BROWN  PIRATE TREASURE CHEST ,1,2011-02-23 14:32:00,3.36,,United Kingdom
536544,22071,SMALL WHITE RETROSPOT MUG IN BOX ,1,2011-02-24 14:32:00,7.62,,United Kingdom
536544,22075,6 RIBBONS ELEGANT CHRISTMAS ,1,2011-02-25 14:32:00,3.36,,United Kingdom
536544,22076,6 RIBBONS EMPIRE  ,1,2011-02-26 14:32:00,3.36,,United Kingdom
536544,22077,6 RIBBONS RUSTIC CHARM,3,2011-02-27 14:32:00,3.36,,United Kingdom
536544,22080,RIBBON REEL POLKADOTS ,1,2011-02-28 14:32:00,3.36,,United Kingdom
536544,22081,RIBBON REEL FLORA + FAUNA ,1,2011-03-01 14:32:00,3.36,,United Kingdom
536544,22082,RIBBON REEL STRIPES DESIGN ,1,2011-03-02 14:32:00,3.36,,United Kingdom
536544,22083,PAPER CHAIN KIT RETROSPOT,4,2011-03-03 14:32:00,5.91,,United Kingdom
536544,22086,PAPER CHAIN KIT 50'S CHRISTMAS ,33,2011-03-04 14:32:00,5.91,,United Kingdom
536544,22087,PAPER BUNTING WHITE LACE,2,2011-03-05 14:32:00,5.91,,United Kingdom
536544,22090,PAPER BUNTING RETROSPOT,1,2011-03-06 14:32:00,5.91,,United Kingdom
536544,22095,LADS ONLY TISSUE BOX,2,2011-03-07 14:32:00,2.51,,United Kingdom
536544,22100,SKULLS SQUARE TISSUE BOX,1,2011-03-08 14:32:00,2.51,,United Kingdom
536544,22107,PIZZA PLATE IN BOX,1,2011-03-09 14:32:00,7.62,,United Kingdom
536544,22110,BIRD HOUSE HOT WATER BOTTLE,2,2011-03-10 14:32:00,7.62,,United Kingdom
536544,22111,SCOTTIE DOG HOT WATER BOTTLE,2,2011-03-11 14:32:00,11.02,,United Kingdom
536544,22112,CHOCOLATE HOT WATER BOTTLE,2,2011-03-12 14:32:00,11.02,,United Kingdom
536544,22114,HOT WATER BOTTLE TEA AND SYMPATHY,3,2011-03-13 14:32:00,8.47,,United Kingdom
536544,22115,METAL SIGN EMPIRE TEA,2,2011-03-14 14:32:00,5.91,,United Kingdom
536544,22130,PARTY CONE CHRISTMAS DECORATION ,2,2011-03-15 14:32:00,8.47,,United Kingdom
536544,22134,LADLE LOVE HEART RED ,1,2011-03-16 14:32:00,0.85,,United Kingdom
536544,22135,LADLE LOVE HEART PINK,5,2011-03-17 14:32:00,0.85,,United Kingdom
536544,22141,CHRISTMAS CRAFT TREE TOP ANGEL,4,2011-03-18 14:32:00,4.21,,United Kingdom
536544,22144,CHRISTMAS CRAFT LITTLE FRIENDS,4,2011-03-19 14:32:00,4.21,,United Kingdom
536544,22149,FELTCRAFT 6 FLOWER FRIENDS,1,2011-03-20 14:32:00,4.21,,United Kingdom
536544,22153,ANGEL DECORATION STARS ON DRESS,1,2011-03-21 14:32:00,0.85,,United Kingdom
536544,22154,ANGEL DECORATION 3 BUTTONS ,1,2011-03-22 14:32:00,0.85,,United Kingdom
536544,22155,STAR DECORATION RUSTIC,3,2011-03-23 14:32:00,0.85,,United Kingdom
536544,22156,HEART DECORATION WITH PEARLS ,3,2011-03-24 14:32:00,1.66,,United Kingdom
536544,22161,HEART DECORATION RUSTIC HANGING ,10,2011-03-25 14:32:00,0.81,,United Kingdom
536544,22162,HEART GARLAND RUSTIC PADDED,2,2011-03-26 14:32:00,3.36,,United Kingdom
536544,22169,FAMILY ALBUM WHITE PICTURE FRAME,1,2011-03-27 14:32:00,16.98,,United Kingdom
536544,22174,PHOTO CUBE,2,2011-03-28 14:32:00,3.36,,United Kingdom
536544,22178,VICTORIAN GLASS HANGING T-LIGHT,13,2011-03-29 14:32:00,2.51,,United Kingdom
536544,22182,CAKE STAND VICTORIAN FILIGREE SMALL,1,2011-03-30 14:32:00,4.21,,United Kingdom
536544,22185,SLATE TILE NATURAL HANGING,1,2011-03-31 14:32:00,3.36,,United Kingdom
536544,22189,CREAM HEART CARD HOLDER,1,2011-04-01 14:32:00,8.47,,United Kingdom
536544,22190,LOCAL CAFE MUG,3,2011-04-02 14:32:00,2.51,,United Kingdom
536544,22195,LARGE HEART MEASURING SPOONS,1,2011-04-03 14:32:00,3.36,,United Kingdom
536544,22196,SMALL HEART MEASURING SPOONS,2,2011-04-04 14:32:00,1.66,,United Kingdom
536544,22197,SMALL POPCORN HOLDER,2,2011-04-05 14:32:00,1.66,,United Kingdom
536544,22198,LARGE POPCORN HOLDER ,4,2011-04-06 14:32:00,3.36,,United Kingdom
536544,22203,MILK PAN RED RETROSPOT,1,2011-04-07 14:32:00,7.62,,United Kingdom
536544,22207,FRYING PAN UNION FLAG,1,2011-04-08 14:32:00,8.47,,United Kingdom
536544,22219,LOVEBIRD HANGING DECORATION WHITE ,3,2011-04-09 14:32:00,1.66,,United Kingdom
536544,22224,WHITE LOVEBIRD LANTERN,1,2011-04-10 14:32:00,5.91,,United Kingdom
536544,22265,EASTER DECORATION NATURAL CHICK,2,2011-04-11 14:32:00,1.28,,United Kingdom
536544,22276,WASH BAG VINTAGE ROSE PAISLEY,1,2011-04-12 14:32:00,5.91,,United Kingdom
536544,22294,HEART FILIGREE DOVE  SMALL,4,2011-04-13 14:32:00,2.51,,United Kingdom
536544,22296,HEART IVORY TRELLIS LARGE,1,2011-04-14 14:32:00,3.36,,United Kingdom
536544,22297,HEART IVORY TRELLIS SMALL,1,2011-04-15 14:32:00,2.51,,United Kingdom
536544,22299,PIG KEYRING WITH LIGHT & SOUND ,1,2011-04-16 14:32:00,2.51,,United Kingdom
536544,22300,COFFEE MUG DOG + BALL DESIGN,1,2011-04-17 14:32:00,5.06,,United Kingdom
536544,22301,COFFEE MUG CAT + BIRD DESIGN,2,2011-04-18 14:32:00,5.06,,United Kingdom
536544,22309,TEA COSY RED  STRIPE,1,2011-04-19 14:32:00,5.06,,United Kingdom
536544,22310,IVORY KNITTED MUG COSY ,9,2011-04-20 14:32:00,3.36,,United Kingdom
536544,22314,OFFICE MUG WARMER CHOC+BLUE,1,2011-04-21 14:32:00,5.91,,United Kingdom
536544,22318,FIVE HEART HANGING DECORATION,1,2011-04-22 14:32:00,5.91,,United Kingdom
536544,22335,HEART DECORATION PAINTED ZINC ,4,2011-04-23 14:32:00,1.28,,United Kingdom
536544,22336,DOVE DECORATION PAINTED ZINC ,4,2011-04-24 14:32:00,1.28,,United Kingdom
536544,22345,PARTY PIZZA DISH BLUE POLKADOT,1,2011-04-25 14:32:00,1.66,,United Kingdom
536544,22348,TEA BAG PLATE RED RETROSPOT,3,2011-04-26 14:32:00,1.66,,United Kingdom
536544,22355,CHARLOTTE BAG SUKI DESIGN,3,2011-04-27 14:32:00,1.66,,United Kingdom
536544,22356,CHARLOTTE BAG PINK POLKADOT,9,2011-04-28 14:32:00,1.66,,United Kingdom
536544,22357,KINGS CHOICE BISCUIT TIN,1,2011-04-29 14:32:00,8.47,,United Kingdom
536544,22359,GLASS JAR KINGS CHOICE,2,2011-04-30 14:32:00,5.91,,United Kingdom
536544,22360,GLASS JAR ENGLISH CONFECTIONERY,2,2011-01-01 14:32:00,5.91,,United Kingdom
536544,22361,GLASS JAR DAISY FRESH COTTON WOOL,2,2011-01-02 14:32:00,5.91,,United Kingdom
536544,22367,CHILDRENS APRON SPACEBOY DESIGN,1,2011-01-03 14:32:00,4.21,,United Kingdom
536544,22371,AIRLINE BAG VINTAGE TOKYO 78,1,2011-01-04 14:32:00,8.47,,United Kingdom
536544,22375,AIRLINE BAG VINTAGE JET SET BROWN,2,2011-01-05 14:32:00,8.47,,United Kingdom
536544,22376,AIRLINE BAG VINTAGE JET SET WHITE,1,2011-01-06 14:32:00,8.47,,United Kingdom
536544,22378,WALL TIDY RETROSPOT ,2,2011-01-07 14:32:00,4.21,,United Kingdom
536544,22379,RECYCLING BAG RETROSPOT ,2,2011-01-08 14:32:00,4.21,,United Kingdom
536544,22380,TOY TIDY SPACEBOY  ,1,2011-01-09 14:32:00,4.21,,United Kingdom
536544,22383,LUNCH BAG SUKI  DESIGN ,1,2011-01-10 14:32:00,4.21,,United Kingdom
536544,22384,LUNCH BAG PINK POLKADOT,2,2011-01-11 14:32:00,4.21,,United Kingdom
536544,22394,PAPERWEIGHT KINGS CHOICE ,1,2011-01-12 14:32:00,5.06,,United Kingdom
536544,22396,MAGNETS PACK OF 4 RETRO PHOTO,1,2011-01-13 14:32:00,2.51,,United Kingdom
536544,22418,10 COLOUR SPACEBOY PEN,1,2011-01-14 14:32:00,1.66,,United Kingdom
536544,22419,LIPSTICK PEN RED,4,2011-01-15 14:32:00,0.85,,United Kingdom
536544,22422,TOOTHPASTE TUBE PEN,2,2011-01-16 14:32:00,1.28,,United Kingdom
536544,22423,REGENCY CAKESTAND 3 TIER,40,2011-01-17 14:32:00,12.72,,United Kingdom
536544,22430,ENAMEL WATERING CAN CREAM,1,2011-01-18 14:32:00,10.17,,United Kingdom
536544,22432,WATERING CAN PINK BUNNY,1,2011-01-19 14:32:00,4.21,,United Kingdom
536544,22437,SET OF 9 BLACK SKULL BALLOONS,1,2011-01-20 14:32:00,1.66,,United Kingdom
536544,22444,GROW YOUR OWN PLANT IN A CAN ,1,2011-01-21 14:32:00,2.51,,United Kingdom
536544,22451,SILK PURSE BABUSHKA RED,2,2011-01-22 14:32:00,6.77,,United Kingdom
536544,22457,NATURAL SLATE HEART CHALKBOARD ,6,2011-01-23 14:32:00,5.91,,United Kingdom
536544,22469,HEART OF WICKER SMALL,8,2011-01-24 14:32:00,3.36,,United Kingdom
536544,22470,HEART OF WICKER LARGE,1,2011-01-25 14:32:00,5.91,,United Kingdom
536544,22471,TV DINNER TRAY AIR HOSTESS ,1,2011-01-26 14:32:00,11.02,,United Kingdom
536544,22476,EMPIRE UNION JACK TV DINNER TRAY,1,2011-01-27 14:32:00,11.02,,United Kingdom
536544,22477,WATERING CAN GARDEN MARKER,2,2011-01-28 14:32:00,2.51,,United Kingdom
536544,22478,BIRDHOUSE GARDEN MARKER ,1,2011-01-29 14:32:00,2.51,,United Kingdom
536544,22479,DAISY GARDEN MARKER,1,2011-01-30 14:32:00,2.51,,United Kingdom
536544,22487,WHITE WOOD GARDEN PLANT LADDER,1,2011-01-31 14:32:00,20.38,,United Kingdom
536544,22489,PACK OF 12 TRADITIONAL CRAYONS,1,2011-02-01 14:32:00,0.85,,United Kingdom
536544,22494,EMERGENCY FIRST AID TIN ,2,2011-02-02 14:32:00,2.51,,United Kingdom
536544,22497,SET OF 2 TINS VINTAGE BATHROOM ,2,2011-02-03 14:32:00,8.47,,United Kingdom
536544,22515,CHILDS GARDEN SPADE PINK,1,2011-02-04 14:32:00,4.21,,United Kingdom
536544,22517,CHILDS GARDEN RAKE PINK,1,2011-02-05 14:32:00,4.21,,United Kingdom
536544,22519,CHILDS GARDEN BRUSH PINK,1,2011-02-06 14:32:00,4.21,,United Kingdom
536544,22530,MAGIC DRAWING SLATE DOLLY GIRL ,5,2011-02-07 14:32:00,0.85,,United Kingdom
536544,22531,MAGIC DRAWING SLATE CIRCUS PARADE  ,8,2011-02-08 14:32:00,0.85,,United Kingdom
536544,22539,MINI JIGSAW DOLLY GIRL,4,2011-02-09 14:32:00,0.85,,United Kingdom
536544,22540,MINI JIGSAW CIRCUS PARADE ,1,2011-02-10 14:32:00,0.85,,United Kingdom
536544,22545,MINI JIGSAW BUNNIES,1,2011-02-11 14:32:00,0.85,,United Kingdom
536544,22548,HEADS AND TAILS SPORTING FUN,1,2011-02-12 14:32:00,2.51,,United Kingdom
536544,22549,PICTURE DOMINOES,1,2011-02-13 14:32:00,3.36,,United Kingdom
536544,22550,HOLIDAY FUN LUDO,2,2011-02-14 14:32:00,7.62,,United Kingdom
536544,22553,PLASTERS IN TIN SKULLS,1,2011-02-15 14:32:00,3.36,,United Kingdom
536544,22555,PLASTERS IN TIN STRONGMAN,1,2011-02-16 14:32:00,3.36,,United Kingdom
536544,22558,CLOTHES PEGS RETROSPOT PACK 24 ,4,2011-02-17 14:32:00,2.51,,United Kingdom
536544,22560,TRADITIONAL MODELLING CLAY,1,2011-02-18 14:32:00,2.51,,United Kingdom
536544,22569,FELTCRAFT CUSHION BUTTERFLY,1,2011-02-19 14:32:00,7.62,,United Kingdom
536544,22571,ROCKING HORSE RED CHRISTMAS ,1,2011-02-20 14:32:00,1.66,,United Kingdom
536544,22573,STAR WOODEN CHRISTMAS DECORATION,5,2011-02-21 14:32:00,1.66,,United Kingdom
536544,22574,HEART WOODEN CHRISTMAS DECORATION,1,2011-02-22 14:32:00,1.66,,United Kingdom
536544,22580,ADVENT CALENDAR GINGHAM SACK,1,2011-02-23 14:32:00,11.87,,United Kingdom
536544,22582,PACK OF 6 SWEETIE GIFT BOXES,1,2011-02-24 14:32:00,5.06,,United Kingdom
536544,22583,PACK OF 6 HANDBAG GIFT BOXES,1,2011-02-25 14:32:00,5.06,,United Kingdom
536544,22588,CARD HOLDER GINGHAM HEART,3,2011-02-26 14:32:00,5.06,,United Kingdom
536544,22589,CARDHOLDER GINGHAM STAR,1,2011-02-27 14:32:00,5.06,,United Kingdom
536544,22595,CHRISTMAS GINGHAM HEART,1,2011-02-28 14:32:00,1.66,,United Kingdom
536544,22600,CHRISTMAS RETROSPOT STAR WOOD,1,2011-03-01 14:32:00,1.66,,United Kingdom
536544,22601,CHRISTMAS RETROSPOT ANGEL WOOD,2,2011-03-02 14:32:00,1.66,,United Kingdom
536544,22603,CHRISTMAS RETROSPOT TREE WOOD,4,2011-03-03 14:32:00,1.66,,United Kingdom
536544,22605,WOODEN CROQUET GARDEN SET,1,2011-03-04 14:32:00,25.49,,United Kingdom
536544,22614,PACK OF 12 SPACEBOY TISSUES,1,2011-03-05 14:32:00,0.85,,United Kingdom
536544,22616,PACK OF 12 LONDON TISSUES ,3,2011-03-06 14:32:00,0.85,,United Kingdom
536544,22620,4 TRADITIONAL SPINNING TOPS,7,2011-03-07 14:32:00,2.51,,United Kingdom
536544,22625,RED KITCHEN SCALES,2,2011-03-08 14:32:00,16.98,,United Kingdom
536544,22629,SPACEBOY LUNCH BOX ,1,2011-03-09 14:32:00,4.21,,United Kingdom
536544,22632,HAND WARMER RED RETROSPOT,1,2011-03-10 14:32:00,4.21,,United Kingdom
536544,22635,CHILDS BREAKFAST SET DOLLY GIRL ,1,2011-03-11 14:32:00,20.38,,United Kingdom
536544,22639,SET OF 4 NAPKIN CHARMS HEARTS,1,2011-03-12 14:32:00,5.06,,United Kingdom
536544,22644,CERAMIC CHERRY CAKE MONEY BANK,1,2011-03-13 14:32:00,3.36,,United Kingdom
536544,22645,CERAMIC HEART FAIRY CAKE MONEY BANK,1,2011-03-14 14:32:00,3.36,,United Kingdom
536544,22646,CERAMIC STRAWBERRY CAKE MONEY BANK,1,2011-03-15 14:32:00,3.36,,United Kingdom
536544,22651,GENTLEMAN SHIRT REPAIR KIT ,3,2011-03-16 14:32:00,1.66,,United Kingdom
536544,22654,DELUXE SEWING KIT ,1,2011-03-17 14:32:00,11.87,,United Kingdom
536544,22662,LUNCH BAG DOLLY GIRL DESIGN,2,2011-03-18 14:32:00,4.21,,United Kingdom
536544,22664,TOY TIDY DOLLY GIRL DESIGN,4,2011-03-19 14:32:00,4.21,,United Kingdom
536544,22665,RECIPE BOX BLUE SKETCHBOOK DESIGN,1,2011-03-20 14:32:00,5.91,,United Kingdom
536544,22666,RECIPE BOX PANTRY YELLOW DESIGN,2,2011-03-21 14:32:00,5.91,,United Kingdom
536544,22669,RED BABY BUNTING ,1,2011-03-22 14:32:00,5.91,,United Kingdom
536544,22675,FRENCH KITCHEN SIGN BLUE METAL,2,2011-03-23 14:32:00,2.51,,United Kingdom
536544,22694,WICKER STAR ,4,2011-03-24 14:32:00,4.21,,United Kingdom
536544,22695,WICKER WREATH SMALL,2,2011-03-25 14:32:00,3.36,,United Kingdom
536544,22697,GREEN REGENCY TEACUP AND SAUCER,6,2011-03-26 14:32:00,5.91,,United Kingdom
536544,22699,ROSES REGENCY TEACUP AND SAUCER ,2,2011-03-27 14:32:00,5.91,,United Kingdom
536544,22719,GUMBALL MONOCHROME COAT RACK,1,2011-03-28 14:32:00,2.51,,United Kingdom
536544,22727,ALARM CLOCK BAKELIKE RED ,2,2011-03-29 14:32:00,7.62,,United Kingdom
536544,22728,ALARM CLOCK BAKELIKE PINK,1,2011-03-30 14:32:00,7.62,,United Kingdom
536544,22729,ALARM CLOCK BAKELIKE ORANGE,2,2011-03-31 14:32:00,7.62,,United Kingdom
536544,22730,ALARM CLOCK BAKELIKE IVORY,1,2011-04-01 14:32:00,7.62,,United Kingdom
536544,22734,SET OF 6 RIBBONS VINTAGE CHRISTMAS,3,2011-04-02 14:32:00,5.06,,United Kingdom
536544,22737,RIBBON REEL CHRISTMAS PRESENT ,1,2011-04-03 14:32:00,3.36,,United Kingdom
536544,22738,RIBBON REEL SNOWY VILLAGE,3,2011-04-04 14:32:00,3.36,,United Kingdom
536544,22739,RIBBON REEL CHRISTMAS SOCK BAUBLE,1,2011-04-05 14:32:00,3.36,,United Kingdom
536544,22740,POLKADOT PEN,13,2011-04-06 14:32:00,1.66,,United Kingdom
536544,22741,FUNKY DIVA PEN,8,2011-04-07 14:32:00,1.66,,United Kingdom
536544,22744,MAKE YOUR OWN MONSOON CARD KIT,1,2011-04-08 14:32:00,5.91,,United Kingdom
536544,22745,POPPY'S PLAYHOUSE BEDROOM ,1,2011-04-09 14:32:00,4.21,,United Kingdom
536544,22748,POPPY'S PLAYHOUSE KITCHEN,1,2011-04-10 14:32:00,4.21,,United Kingdom
536544,22755,SMALL PURPLE BABUSHKA NOTEBOOK ,3,2011-04-11 14:32:00,1.66,,United Kingdom
536544,22757,LARGE RED BABUSHKA NOTEBOOK ,3,2011-04-12 14:32:00,2.51,,United Kingdom
536544,22758,LARGE PURPLE BABUSHKA NOTEBOOK  ,2,2011-04-13 14:32:00,2.51,,United Kingdom
536544,22759,SET OF 3 NOTEBOOKS IN PARCEL,3,2011-04-14 14:32:00,3.36,,United Kingdom
536544,22760,"TRAY, BREAKFAST IN BED",1,2011-04-15 14:32:00,25.49,,United Kingdom
536544,22769,CHALKBOARD KITCHEN ORGANISER,1,2011-04-16 14:32:00,51.02,,United Kingdom
536544,22791,T-LIGHT GLASS FLUTED ANTIQUE,3,2011-04-17 14:32:00,2.51,,United Kingdom
536544,22792,FLUTED ANTIQUE CANDLE HOLDER,2,2011-04-18 14:32:00,1.66,,United Kingdom
536544,22798,ANTIQUE GLASS DRESSING TABLE POT,2,2011-04-19 14:32:00,5.91,,United Kingdom
536544,22812,PACK 3 BOXES CHRISTMAS PANNETONE,2,2011-04-20 14:32:00,4.21,,United Kingdom
536544,22813,PACK 3 BOXES BIRD PANNETONE ,1,2011-04-21 14:32:00,4.21,,United Kingdom
536544,22816,CARD MOTORBIKE SANTA,4,2011-04-22 14:32:00,0.85,,United Kingdom
536544,22818,CARD CHRISTMAS VILLAGE,6,2011-04-23 14:32:00,0.85,,United Kingdom
536544,22822,CREAM WALL PLANTER HEART SHAPED,1,2011-04-24 14:32:00,12.72,,United Kingdom
536544,22835,HOT WATER BOTTLE I AM SO POORLY,4,2011-04-25 14:32:00,9.32,,United Kingdom
536544,22837,HOT WATER BOTTLE BABUSHKA ,1,2011-04-26 14:32:00,9.32,,United Kingdom
536544,22844,VINTAGE CREAM DOG FOOD CONTAINER,1,2011-04-27 14:32:00,16.98,,United Kingdom
536544,22847,BREAD BIN DINER STYLE IVORY,1,2011-04-28 14:32:00,34.0,,United Kingdom
536544,22862,LOVE HEART NAPKIN BOX ,1,2011-04-29 14:32:00,8.47,,United Kingdom
536544,22865,HAND WARMER OWL DESIGN,1,2011-04-30 14:32:00,4.21,,United Kingdom
536544,22866,HAND WARMER SCOTTY DOG DESIGN,4,2011-01-01 14:32:00,4.21,,United Kingdom
536544,22867,HAND WARMER BIRD DESIGN,4,2011-01-02 14:32:00,4.21,,United Kingdom
536544,22876,NUMBER TILE COTTAGE GARDEN 8,1,2011-01-03 14:32:00,4.21,,United Kingdom
536544,22899,CHILDREN'S APRON DOLLY GIRL ,2,2011-01-04 14:32:00,4.21,,United Kingdom
536544,22900, SET 2 TEA TOWELS I LOVE LONDON ,1,2011-01-05 14:32:00,5.91,,United Kingdom
536544,22906,12 MESSAGE CARDS WITH ENVELOPES,2,2011-01-06 14:32:00,3.36,,United Kingdom
536544,22909,SET OF 20 VINTAGE CHRISTMAS NAPKINS,3,2011-01-07 14:32:00,1.66,,United Kingdom
536544,22910,PAPER CHAIN KIT VINTAGE CHRISTMAS,4,2011-01-08 14:32:00,5.91,,United Kingdom
536544,22916,HERB MARKER THYME,1,2011-01-09 14:32:00,1.66,,United Kingdom
536544,22917,HERB MARKER ROSEMARY,1,2011-01-10 14:32:00,1.66,,United Kingdom
536544,22918,HERB MARKER PARSLEY,1,2011-01-11 14:32:00,1.66,,United Kingdom
536544,22919,HERB MARKER MINT,1,2011-01-12 14:32:00,1.66,,United Kingdom
536544,22920,HERB MARKER BASIL,1,2011-01-13 14:32:00,1.66,,United Kingdom
536544,22921,HERB MARKER CHIVES ,1,2011-01-14 14:32:00,1.66,,United Kingdom
536544,22928,YELLOW GIANT GARDEN THERMOMETER,1,2011-01-15 14:32:00,11.87,,United Kingdom
536544,22940,FELTCRAFT CHRISTMAS FAIRY,2,2011-01-16 14:32:00,8.47,,United Kingdom
536544,22945,CHRISTMAS METAL TAGS ASSORTED ,1,2011-01-17 14:32:00,11.02,,United Kingdom
536544,22948,METAL DECORATION NAUGHTY CHILDREN ,2,2011-01-18 14:32:00,6.77,,United Kingdom
536544,22949,36 DOILIES DOLLY GIRL,1,2011-01-19 14:32:00,2.98,,United Kingdom
536544,22951,60 CAKE CASES DOLLY GIRL DESIGN,2,2011-01-20 14:32:00,1.28,,United Kingdom
536544,22952,60 CAKE CASES VINTAGE CHRISTMAS,1,2011-01-21 14:32:00,1.28,,United Kingdom
536544,22956,36 FOIL HEART CAKE CASES,1,2011-01-22 14:32:00,4.21,,United Kingdom
536544,22960,JAM MAKING SET WITH JARS,7,2011-01-23 14:32:00,8.47,,United Kingdom
536544,22961,JAM MAKING SET PRINTED,9,2011-01-24 14:32:00,3.36,,United Kingdom
536544,22962,JAM JAR WITH PINK LID,4,2011-01-25 14:32:00,1.66,,United Kingdom
536544,22963,JAM JAR WITH GREEN LID,1,2011-01-26 14:32:00,1.66,,United Kingdom
536544,22966,GINGERBREAD MAN COOKIE CUTTER,3,2011-01-27 14:32:00,2.51,,United Kingdom
536544,22969,HOMEMADE JAM SCENTED CANDLES,1,2011-01-28 14:32:00,3.36,,United Kingdom
536544,22972,CHILDREN'S SPACEBOY MUG,1,2011-01-29 14:32:00,3.36,,United Kingdom
536544,22974,CHILDRENS DOLLY GIRL MUG,3,2011-01-30 14:32:00,3.36,,United Kingdom
536544,22975,SPACEBOY CHILDRENS EGG CUP,2,2011-01-31 14:32:00,2.51,,United Kingdom
536544,22976,CIRCUS PARADE CHILDRENS EGG CUP ,1,2011-02-01 14:32:00,2.51,,United Kingdom
536544,22988,SOLDIERS EGG CUP ,3,2011-02-02 14:32:00,2.51,,United Kingdom
536544,35095A,BLUE VICTORIAN FABRIC OVAL BOX,2,2011-02-03 14:32:00,0.84,,United Kingdom
536544,35095B,RED VICTORIAN FABRIC OVAL BOX,1,2011-02-04 14:32:00,0.84,,United Kingdom
536544,35471D,SET OF 3 BIRD LIGHT PINK FEATHER ,1,2011-02-05 14:32:00,2.51,,United Kingdom
536544,35598D,PINK/WHITE CHRISTMAS TREE 60CM,1,2011-02-06 14:32:00,2.51,,United Kingdom
536544,35599D,PINK AND WHITE CHRISTMAS TREE 120CM,1,2011-02-07 14:32:00,5.91,,United Kingdom
536544,35610A,PINK CHRISTMAS FLOCK DROPLET ,1,2011-02-08 14:32:00,2.51,,United Kingdom
536544,35818P,"ACRYLIC JEWEL ICICLE, PINK",1,2011-02-09 14:32:00,3.36,,United Kingdom
536544,35957,SMALLFOLKART BAUBLE CHRISTMAS DEC,2,2011-02-10 14:32:00,1.66,,United Kingdom
536544,35961,FOLKART ZINC HEART CHRISTMAS DEC,1,2011-02-11 14:32:00,1.66,,United Kingdom
536544,35971,ROSE FOLKART HEART DECORATIONS,1,2011-02-12 14:32:00,2.51,,United Kingdom
536544,37370,RETRO COFFEE MUGS ASSORTED,1,2011-02-13 14:32:00,16.13,,United Kingdom
536544,37449,CERAMIC CAKE STAND + HANGING CAKES,1,2011-02-14 14:32:00,21.23,,United Kingdom
536544,37476,CONDIMENT TRAY 4 BOWLS AND 4 SPOONS,1,2011-02-15 14:32:00,18.68,,United Kingdom
536544,47559B,TEA TIME OVEN GLOVE,2,2011-02-16 14:32:00,2.51,,United Kingdom
536544,47580,TEA TIME DES TEA COSY,1,2011-02-17 14:32:00,5.06,,United Kingdom
536544,47591B,SCOTTIES CHILDRENS APRON,2,2011-02-18 14:32:00,1.66,,United Kingdom
536544,47591D,PINK FAIRY CAKE CHILDRENS APRON,1,2011-02-19 14:32:00,4.21,,United Kingdom
536544,47593B,SCOTTIE DOGS BABY BIB,2,2011-02-20 14:32:00,0.85,,United Kingdom
536544,48188,DOORMAT WELCOME PUPPIES,1,2011-02-21 14:32:00,14.43,,United Kingdom
536544,70007,HI TEC ALPINE HAND WARMER,5,2011-02-22 14:32:00,3.36,,United Kingdom
536544,71053,WHITE METAL LANTERN,1,2011-02-23 14:32:00,8.47,,United Kingdom
536544,71459,HANGING JAM JAR T-LIGHT HOLDER,8,2011-02-24 14:32:00,1.69,,United Kingdom
536544,72586,SET OF 6 HALLOWEEN GHOST T-LIGHTS,1,2011-02-25 14:32:00,0.85,,United Kingdom
536544,72799E,IVORY PILLAR CANDLE SILVER FLOCK,2,2011-02-26 14:32:00,3.36,,United Kingdom
536544,72799F,IVORY PILLAR CANDLE GOLD FLOCK,2,2011-02-27 14:32:00,3.36,,United Kingdom
536544,72807A,SET/3 ROSE CANDLE IN JEWELLED BOX,1,2011-02-28 14:32:00,8.47,,United Kingdom
536544,72807B,SET/3 OCEAN SCENT CANDLE JEWEL BOX,1,2011-03-01 14:32:00,8.47,,United Kingdom
536544,72807C,SET/3 VANILLA SCENTED CANDLE IN BOX,1,2011-03-02 14:32:00,8.47,,United Kingdom
536544,72816,SET/3 CHRISTMAS DECOUPAGE CANDLES,1,2011-03-03 14:32:00,2.51,,United Kingdom
536544,72817,SET OF 2 CHRISTMAS DECOUPAGE CANDLE,2,2011-03-04 14:32:00,1.66,,United Kingdom
536544,79030D,"TUMBLER, BAROQUE",1,2011-03-05 14:32:00,12.72,,United Kingdom
536544,79030G,"TUMBLER, NEW ENGLAND",1,2011-03-06 14:32:00,12.72,,United Kingdom
536544,79321,CHILLI LIGHTS,1,2011-03-07 14:32:00,10.17,,United Kingdom
536544,82551,LAUNDRY 15C METAL SIGN,1,2011-03-08 14:32:00,2.51,,United Kingdom
536544,82578,KITCHEN METAL SIGN,1,2011-03-09 14:32:00,1.28,,United Kingdom
536544,82580,BATHROOM METAL SIGN,1,2011-03-10 14:32:00,1.28,,United Kingdom
536544,82583,HOT BATHS METAL SIGN,1,2011-03-11 14:32:00,4.21,,United Kingdom
536544,82613B,"METAL SIGN,CUPCAKE SINGLE HOOK",1,2011-03-12 14:32:00,2.51,,United Kingdom
536544,82613C,"METAL SIGN,CUPCAKE SINGLE HOOK",1,2011-03-13 14:32:00,2.51,,United Kingdom
536544,82613D,METAL SIGN CUPCAKE SINGLE HOOK,1,2011-03-14 14:32:00,2.51,,United Kingdom
536544,84029E,RED WOOLLY HOTTIE WHITE HEART.,1,2011-03-15 14:32:00,7.62,,United Kingdom
536544,84029G,KNITTED UNION FLAG HOT WATER BOTTLE,1,2011-03-16 14:32:00,7.62,,United Kingdom
536544,84031A,CHARLIE+LOLA RED HOT WATER BOTTLE ,4,2011-03-17 14:32:00,4.21,,United Kingdom
536544,84031B,CHARLIE LOLA BLUE HOT WATER BOTTLE ,1,2011-03-18 14:32:00,4.21,,United Kingdom
536544,84032A,CHARLIE+LOLA PINK HOT WATER BOTTLE,8,2011-03-19 14:32:00,3.36,,United Kingdom
536544,84032B,CHARLIE + LOLA RED HOT WATER BOTTLE,4,2011-03-20 14:32:00,3.36,,United Kingdom
536544,84050,PINK HEART SHAPE EGG FRYING PAN,3,2011-03-21 14:32:00,4.21,,United Kingdom
536544,84086C,PINK/PURPLE RETRO RADIO,1,2011-03-22 14:32:00,4.21,,United Kingdom
536544,84279P,CHERRY BLOSSOM  DECORATIVE FLASK,1,2011-03-23 14:32:00,8.47,,United Kingdom
536544,84347,ROTATING SILVER ANGELS T-LIGHT HLDR,4,2011-03-24 14:32:00,5.06,,United Kingdom
536544,84992,72 SWEETHEART FAIRY CAKE CASES,1,2011-03-25 14:32:00,1.28,,United Kingdom
536544,85014B,RED RETROSPOT UMBRELLA,2,2011-03-26 14:32:00,12.72,,United Kingdom
536544,85015,SET OF 12  VINTAGE POSTCARD SET,1,2011-03-27 14:32:00,2.51,,United Kingdom
536544,85016,SET OF 6 VINTAGE NOTELETS KIT,2,2011-03-28 14:32:00,2.51,,United Kingdom
536544,85017A,ENVELOPE 50 ROMANTIC IMAGES,1,2011-03-29 14:32:00,0.85,,United Kingdom
536544,85017B,ENVELOPE 50 BLOSSOM IMAGES,1,2011-03-30 14:32:00,0.85,,United Kingdom
536544,85032D,YULETIDE IMAGES GIFT WRAP SET,2,2011-03-31 14:32:00,1.66,,United Kingdom
536544,85039A,SET/4 RED MINI ROSE CANDLE IN BOWL,3,2011-04-01 14:32:00,1.66,,United Kingdom
536544,85048,15CM CHRISTMAS GLASS BALL 20 LIGHTS,1,2011-04-02 14:32:00,16.98,,United Kingdom
536544,85049E,SCANDINAVIAN REDS RIBBONS,3,2011-04-03 14:32:00,2.51,,United Kingdom
536544,85049G,CHOCOLATE BOX RIBBONS ,1,2011-04-04 14:32:00,2.51,,United Kingdom
536544,85049H,URBAN BLACK RIBBONS ,1,2011-04-05 14:32:00,2.51,,United Kingdom
536544,85064,CREAM SWEETHEART LETTER RACK,1,2011-04-06 14:32:00,11.02,,United Kingdom
536544,85099B,JUMBO BAG RED RETROSPOT,1,2011-04-07 14:32:00,4.21,,United Kingdom
536544,85114B,IVORY ENCHANTED FOREST PLACEMAT,11,2011-04-08 14:32:00,3.36,,United Kingdom
536544,85116,BLACK CANDELABRA T-LIGHT HOLDER,3,2011-04-09 14:32:00,1.66,,United Kingdom
536544,85123A,WHITE HANGING HEART T-LIGHT HOLDER,4,2011-04-10 14:32:00,5.91,,United Kingdom
536544,85127,SMALL SQUARE CUT GLASS CANDLESTICK,2,2011-04-11 14:32:00,10.17,,United Kingdom
536544,85129D,BEADED CRYSTAL HEART PINK SMALL,1,2011-04-12 14:32:00,2.51,,United Kingdom
536544,85131B,BEADED CRYSTAL HEART GREEN ON STICK,2,2011-04-13 14:32:00,0.85,,United Kingdom
536544,85132A,CHARLIE + LOLA BISCUITS TINS,2,2011-04-14 14:32:00,8.47,,United Kingdom
536544,85135B,BLUE DRAGONFLY HELICOPTER,1,2011-04-15 14:32:00,8.47,,United Kingdom
536544,85135C,RED DRAGONFLY HELICOPTER,1,2011-04-16 14:32:00,8.47,,United Kingdom
536544,85152,HAND OVER THE CHOCOLATE   SIGN ,1,2011-04-17 14:32:00,4.21,,United Kingdom
536544,85176,SEWING SUSAN 21 NEEDLE SET,5,2011-04-18 14:32:00,1.66,,United Kingdom
536544,85177,BASKET OF FLOWERS SEWING KIT,1,2011-04-19 14:32:00,1.66,,United Kingdom
536544,85178,VICTORIAN SEWING KIT,1,2011-04-20 14:32:00,2.51,,United Kingdom
536544,85186A,EASTER BUNNY GARLAND OF FLOWERS,1,2011-04-21 14:32:00,0.85,,United Kingdom
536544,85199S,SMALL HANGING IVORY/RED WOOD BIRD,10,2011-04-22 14:32:00,0.85,,United Kingdom
536544,85231B,CINAMMON SET OF 9 T-LIGHTS,2,2011-04-23 14:32:00,1.66,,United Kingdom
536544,85232B,SET OF 3 BABUSHKA STACKING TINS,1,2011-04-24 14:32:00,4.95,,United Kingdom
536544,90003C,MIDNIGHT BLUE PAIR HEART HAIR SLIDE,1,2011-04-25 14:32:00,3.81,,United Kingdom
536544,90018A,SILVER M.O.P ORBIT DROP EARRINGS,1,2011-04-26 14:32:00,4.24,,United Kingdom
536544,90022,EDWARDIAN DROP EARRINGS JET BLACK,1,2011-04-27 14:32:00,3.81,,United Kingdom
536544,90071,RUBY GLASS CLUSTER EARRINGS,1,2011-04-28 14:32:00,1.26,,United Kingdom
536544,90099,NECKLACE+BRACELET SET BLUE HIBISCUS,1,2011-04-29 14:32:00,5.06,,United Kingdom
536544,90116,FRUIT SALAD BAG CHARM,1,2011-04-30 14:32:00,2.51,,United Kingdom
536544,90120C,GREEN MURANO TWIST BRACELET,1,2011-01-01 14:32:00,4.24,,United Kingdom
536544,90129A,PINK GLASS TASSLE BAG CHARM ,2,2011-01-02 14:32:00,1.66,,United Kingdom
536544,90129B,TURQUOISE GLASS TASSLE BAG CHARM ,1,2011-01-03 14:32:00,1.66,,United Kingdom
536544,90161A,ANT COPPER RED BOUDICCA BRACELET,1,2011-01-04 14:32:00,5.09,,United Kingdom
536544,90190C,SILVER/AMETHYST DROP EARRINGS LEAF,1,2011-01-05 14:32:00,2.96,,United Kingdom
536544,90194,SILVER LARIAT BLACK STONE EARRINGS,1,2011-01-06 14:32:00,4.24,,United Kingdom
536544,90200A,PURPLE SWEETHEART BRACELET,1,2011-01-07 14:32:00,4.24,,United Kingdom
536544,90200C,BLUE SWEETHEART BRACELET,1,2011-01-08 14:32:00,4.24,,United Kingdom
536544,90209B,GREEN ENAMEL+GLASS HAIR COMB,1,2011-01-09 14:32:00,2.11,,United Kingdom
536544,90214D,"LETTER ""D"" BLING KEY RING",1,2011-01-10 14:32:00,0.85,,United Kingdom
536544,90214G,"LETTER ""G"" BLING KEY RING",1,2011-01-11 14:32:00,0.85,,United Kingdom
536544,90214H,"LETTER ""H"" BLING KEY RING",1,2011-01-12 14:32:00,0.85,,United Kingdom
536544,90214J,"LETTER ""J"" BLING KEY RING",1,2011-01-13 14:32:00,0.85,,United Kingdom
536544,90214R,"LETTER ""R"" BLING KEY RING",1,2011-01-14 14:32:00,0.85,,United Kingdom
536544,DOT,DOTCOM POSTAGE,1,2011-01-15 14:32:00,569.77,,United Kingdom
536544,84375,SET OF 20 KIDS COOKIE CUTTERS,4,2011-01-16 14:32:00,4.21,,United Kingdom
536544,84378,SET OF 3 HEART COOKIE CUTTERS,1,2011-01-17 14:32:00,2.51,,United Kingdom
536544,84380,SET OF 3 BUTTERFLY COOKIE CUTTERS,5,2011-01-18 14:32:00,2.51,,United Kingdom
536544,84534B,FAIRY CAKE NOTEBOOK A5 SIZE,2,2011-01-19 14:32:00,1.66,,United Kingdom
536544,84535B,FAIRY CAKES NOTEBOOK A6 SIZE,1,2011-01-20 14:32:00,1.49,,United Kingdom
536544,84536A,ENGLISH ROSE NOTEBOOK A7 SIZE,3,2011-01-21 14:32:00,0.85,,United Kingdom
536544,84536B,FAIRY CAKES NOTEBOOK A7 SIZE,3,2011-01-22 14:32:00,0.85,,United Kingdom
536544,84580,MOUSE TOY WITH PINK T-SHIRT,1,2011-01-23 14:32:00,4.21,,United Kingdom
536544,84581,DOG TOY WITH PINK CROCHET SKIRT,1,2011-01-24 14:32:00,4.21,,United Kingdom
536544,84598,BOYS ALPHABET IRON ON PATCHES,2,2011-01-25 14:32:00,0.43,,United Kingdom
536544,84625A,PINK NEW BAROQUECANDLESTICK CANDLE,1,2011-01-26 14:32:00,5.91,,United Kingdom
536544,84692,BOX OF 24 COCKTAIL PARASOLS,1,2011-01-27 14:32:00,0.85,,United Kingdom
536544,84832,ZINC WILLIE WINKIE  CANDLE STICK,3,2011-01-28 14:32:00,1.66,,United Kingdom
536544,84912B,GREEN ROSE WASHBAG,2,2011-01-29 14:32:00,3.36,,United Kingdom
536544,84913A,SOFT PINK ROSE TOWEL ,1,2011-01-30 14:32:00,3.36,,United Kingdom
536544,84913B,MINT GREEN ROSE TOWEL,3,2011-01-31 14:32:00,3.36,,United Kingdom
536544,84923,PINK BUTTERFLY HANDBAG W BOBBLES,1,2011-02-01 14:32:00,4.21,,United Kingdom
536544,84946,ANTIQUE SILVER TEA GLASS ETCHED,30,2011-02-02 14:32:00,2.51,,United Kingdom
536544,84949,SILVER HANGING T-LIGHT HOLDER,1,2011-02-03 14:32:00,3.36,,United Kingdom
536544,84988,SET OF 72 PINK HEART PAPER DOILIES,1,2011-02-04 14:32:00,2.98,,United Kingdom
536544,84991,60 TEATIME FAIRY CAKE CASES,3,2011-02-05 14:32:00,1.28,,United Kingdom
536544,20856,DENIM PATCH PURSE PINK BUTTERFLY,6,2011-02-06 14:32:00,1.65,,United Kingdom
536544,20854,BLUE PATCH PURSE PINK HEART,6,2011-02-07 14:32:00,1.65,,United Kingdom
536544,22633,HAND WARMER UNION JACK,3,2011-02-08 14:32:00,2.1,,United Kingdom
536544,22866,HAND WARMER SCOTTY DOG DESIGN,3,2011-02-09 14:32:00,2.1,,United Kingdom
536544,21218,RED SPOTTY BISCUIT TIN,2,2011-02-10 14:32:00,3.75,,United Kingdom
536544,22968,ROSE COTTAGE KEEPSAKE BOX ,1,2011-02-11 14:32:00,9.95,,United Kingdom
536544,22862,LOVE HEART NAPKIN BOX ,2,2011-02-12 14:32:00,4.25,,United Kingdom
536544,22845,VINTAGE CREAM CAT FOOD CONTAINER,2,2011-02-13 14:32:00,6.35,,United Kingdom
536544,22844,VINTAGE CREAM DOG FOOD CONTAINER,2,2011-02-14 14:32:00,8.5,,United Kingdom
536544,11001,ASSTD DESIGN RACING CAR PEN,3,2011-02-15 14:32:00,3.36,,United Kingdom
536544,16236,KITTY PENCIL ERASERS,1,2011-02-16 14:32:00,0.43,,United Kingdom
536544,16237,SLEEPING CAT ERASERS,4,2011-02-17 14:32:00,0.43,,United Kingdom
536544,16238,PARTY TIME PENCIL ERASERS,1,2011-02-18 14:32:00,0.43,,United Kingdom
536544,17003,BROCADE RING PURSE ,3,2011-02-19 14:32:00,0.43,,United Kingdom
536544,17011F,ORIGAMI SANDLEWOOD INCENSE+FLOWER,1,2011-02-20 14:32:00,4.21,,United Kingdom
536544,17012A,ORIGAMI VANILLA INCENSE/CANDLE SET ,3,2011-02-21 14:32:00,2.51,,United Kingdom
536544,17012B,ORIGAMI JASMINE INCENSE/CANDLE SET,2,2011-02-22 14:32:00,2.51,,United Kingdom
536544,17012C,ORIGAMI LAVENDER INCENSE/CANDL SET ,1,2011-02-23 14:32:00,2.51,,United Kingdom
536544,17012D,ORIGAMI ROSE INCENSE/CANDLE SET ,1,2011-02-24 14:32:00,2.51,,United Kingdom
536544,17012E,ORIGAMI OPIUM INCENSE/CANDLE SET ,1,2011-02-25 14:32:00,2.51,,United Kingdom
536544,17012F,ORIGAMI SANDLEWOOD INCENSE/CAND SET,1,2011-02-26 14:32:00,2.51,,United Kingdom
536544,17129F,BLUE GLASS GEMS IN BAG,2,2011-02-27 14:32:00,1.66,,United Kingdom
536544,18098C,PORCELAIN BUTTERFLY OIL BURNER,2,2011-02-28 14:32:00,5.91,,United Kingdom
536544,20622,VIPPASSPORT COVER ,1,2011-03-01 14:32:00,4.21,,United Kingdom
536544,20658,RED RETROSPOT LUGGAGE TAG,1,2011-03-02 14:32:00,2.51,,United Kingdom
536544,20662,FIRST CLASS HOLIDAY PURSE ,1,2011-03-03 14:32:00,2.51,,United Kingdom
536544,20668,DISCO BALL CHRISTMAS DECORATION,2,2011-03-04 14:32:00,0.43,,United Kingdom
536544,20669,RED HEART LUGGAGE TAG,1,2011-03-05 14:32:00,2.51,,United Kingdom
536544,20676,RED RETROSPOT BOWL,1,2011-03-06 14:32:00,2.51,,United Kingdom
536544,20684,STRAWBERRY DREAM CHILDS UMBRELLA,1,2011-03-07 14:32:00,6.77,,United Kingdom
536544,20685,DOORMAT RED RETROSPOT,1,2011-03-08 14:32:00,14.43,,United Kingdom
536544,20719,WOODLAND CHARLOTTE BAG,2,2011-03-09 14:32:00,1.66,,United Kingdom
536544,20724,RED RETROSPOT CHARLOTTE BAG,3,2011-03-10 14:32:00,1.66,,United Kingdom
536544,20725,LUNCH BAG RED RETROSPOT,4,2011-03-11 14:32:00,4.21,,United Kingdom
536544,20733,GOLD MINI TAPE MEASURE ,1,2011-03-12 14:32:00,0.85,,United Kingdom
536544,20735,BLACK MINI TAPE MEASURE ,1,2011-03-13 14:32:00,0.85,,United Kingdom
536544,20770,ABSTRACT CIRCLE JOURNAL ,4,2011-03-14 14:32:00,2.51,,United Kingdom
536544,20772,GARDEN PATH JOURNAL,1,2011-03-15 14:32:00,5.06,,United Kingdom
536544,20835,FRENCH LATTICE CUSHION COVER ,1,2011-03-16 14:32:00,11.02,,United Kingdom
536544,20839,FRENCH PAISLEY CUSHION COVER ,1,2011-03-17 14:32:00,9.32,,United Kingdom
536544,20840,FRENCH FLORAL CUSHION COVER ,1,2011-03-18 14:32:00,9.32,,United Kingdom
536544,20867,PINK ROSE FABRIC MIRROR,1,2011-03-19 14:32:00,2.51,,United Kingdom
536544,20902,VINTAGE KEEPSAKE BOX PARIS DAYS,1,2011-03-20 14:32:00,12.72,,United Kingdom
536544,20914,SET/5 RED RETROSPOT LID GLASS BOWLS,3,2011-03-21 14:32:00,5.91,,United Kingdom
536544,20956,PORCELAIN T-LIGHT HOLDERS ASSORTED,1,2011-03-22 14:32:00,2.51,,United Kingdom
536544,20961,STRAWBERRY BATH SPONGE ,2,2011-03-23 14:32:00,2.51,,United Kingdom
536544,20963,APPLE BATH SPONGE,1,2011-03-24 14:32:00,2.51,,United Kingdom
536544,20966,SANDWICH BATH SPONGE,4,2011-03-25 14:32:00,2.51,,United Kingdom
536544,20969,RED FLORAL FELTCRAFT SHOULDER BAG,2,2011-03-26 14:32:00,7.62,,United Kingdom
536544,20971,PINK BLUE FELT CRAFT TRINKET BOX,1,2011-03-27 14:32:00,2.51,,United Kingdom
536544,20972,PINK CREAM FELT CRAFT TRINKET BOX ,2,2011-03-28 14:32:00,2.51,,United Kingdom
536544,20973,12 PENCIL SMALL TUBE WOODLAND,1,2011-03-29 14:32:00,1.28,,United Kingdom
536544,20975,12 PENCILS SMALL TUBE RED RETROSPOT,1,2011-03-30 14:32:00,1.28,,United Kingdom
536544,20981,12 PENCILS TALL TUBE WOODLAND,1,2011-03-31 14:32:00,1.66,,United Kingdom
536544,20992,JAZZ HEARTS PURSE NOTEBOOK,1,2011-04-01 14:32:00,1.66,,United Kingdom
536544,20996,JAZZ HEARTS ADDRESS BOOK,1,2011-04-02 14:32:00,0.84,,United Kingdom
536544,21000,ROSE DU SUD COSMETICS BAG,1,2011-04-03 14:32:00,3.36,,United Kingdom
536544,21012,ANTIQUE ALL GLASS CANDLESTICK,2,2011-04-04 14:32:00,2.51,,United Kingdom
536544,21035,SET/2 RED RETROSPOT TEA TOWELS ,3,2011-04-05 14:32:00,5.91,,United Kingdom
536544,21041,RED RETROSPOT OVEN GLOVE DOUBLE,2,2011-04-06 14:32:00,5.91,,United Kingdom
536544,21068,VINTAGE BILLBOARD LOVE/HATE MUG,1,2011-04-07 14:32:00,2.51,,United Kingdom
536544,21069,VINTAGE BILLBOARD TEA MUG,1,2011-04-08 14:32:00,2.51,,United Kingdom
536544,21070,VINTAGE BILLBOARD MUG ,1,2011-04-09 14:32:00,2.51,,United Kingdom
536544,21071,VINTAGE BILLBOARD DRINK ME MUG,1,2011-04-10 14:32:00,2.51,,United Kingdom
536544,21080,SET/20 RED RETROSPOT PAPER NAPKINS ,1,2011-04-11 14:32:00,1.66,,United Kingdom
536544,21098,CHRISTMAS TOILET ROLL,23,2011-04-12 14:32:00,2.51,,United Kingdom
536544,21107,CREAM SLICE FLANNEL PINK SPOT ,1,2011-04-13 14:32:00,5.91,,United Kingdom
536544,21108,FAIRY CAKE FLANNEL ASSORTED COLOUR,3,2011-04-14 14:32:00,5.06,,United Kingdom
536544,21115,ROSE CARAVAN DOORSTOP,1,2011-04-15 14:32:00,14.43,,United Kingdom
536544,21116,OWL DOORSTOP,1,2011-04-16 14:32:00,8.47,,United Kingdom
536544,21121,SET/10 RED POLKADOT PARTY CANDLES,7,2011-04-17 14:32:00,2.51,,United Kingdom
536544,21147,JINGLE BELLS TREE DECORATION,2,2011-04-18 14:32:00,2.51,,United Kingdom
536544,21154,RED RETROSPOT OVEN GLOVE ,1,2011-04-19 14:32:00,2.51,,United Kingdom
536544,21158,MOODY GIRL DOOR HANGER ,2,2011-04-20 14:32:00,3.36,,United Kingdom
536544,21165,BEWARE OF THE CAT METAL SIGN ,1,2011-04-21 14:32:00,4.21,,United Kingdom
536544,21166,COOK WITH WINE METAL SIGN ,2,2011-04-22 14:32:00,4.21,,United Kingdom
536544,21169,YOU'RE CONFUSING ME METAL SIGN ,1,2011-04-23 14:32:00,4.21,,United Kingdom
536544,21174,POTTERING IN THE SHED METAL SIGN,1,2011-04-24 14:32:00,4.21,,United Kingdom
536544,21175,GIN + TONIC DIET METAL SIGN,2,2011-04-25 14:32:00,4.21,,United Kingdom
536544,21189,WHITE HONEYCOMB PAPER GARLAND ,4,2011-04-26 14:32:00,3.36,,United Kingdom
536544,21191,LARGE WHITE HONEYCOMB PAPER BELL  ,6,2011-04-27 14:32:00,4.21,,United Kingdom
536544,21195,PINK  HONEYCOMB PAPER BALL ,5,2011-04-28 14:32:00,4.21,,United Kingdom
536544,21207,SKULL AND CROSSBONES  GARLAND ,2,2011-04-29 14:32:00,3.36,,United Kingdom
536544,21210,SET OF 72 RETROSPOT PAPER  DOILIES,1,2011-04-30 14:32:00,2.98,,United Kingdom
536544,21212,PACK OF 72 RETROSPOT CAKE CASES,8,2011-01-01 14:32:00,1.28,,United Kingdom
536544,21213,PACK OF 72 SKULL CAKE CASES,2,2011-01-02 14:32:00,1.28,,United Kingdom
536544,21216,"SET 3 RETROSPOT TEA,COFFEE,SUGAR",1,2011-01-03 14:32:00,11.02,,United Kingdom
536544,21217,RED RETROSPOT ROUND CAKE TINS,1,2011-01-04 14:32:00,21.23,,United Kingdom
536544,21218,RED SPOTTY BISCUIT TIN,1,2011-01-05 14:32:00,8.47,,United Kingdom
536544,21231,SWEETHEART CERAMIC TRINKET BOX,4,2011-01-06 14:32:00,2.51,,United Kingdom
536544,21232,STRAWBERRY CERAMIC TRINKET BOX,4,2011-01-07 14:32:00,2.51,,United Kingdom
536544,21238,RED RETROSPOT CUP,4,2011-01-08 14:32:00,1.66,,United Kingdom
536544,21249,WOODLAND  HEIGHT CHART STICKERS ,1,2011-01-09 14:32:00,5.91,,United Kingdom
536544,21258,VICTORIAN SEWING BOX LARGE,1,2011-01-10 14:32:00,25.49,,United Kingdom
536544,21262,WHITE GOOSE FEATHER CHRISTMAS TREE ,2,2011-01-11 14:32:00,7.62,,United Kingdom
536544,21313,GLASS HEART T-LIGHT HOLDER ,2,2011-01-12 14:32:00,1.66,,United Kingdom
536544,21314,SMALL GLASS HEART TRINKET POT,12,2011-01-13 14:32:00,4.21,,United Kingdom
536544,21327,SKULLS WRITING SET ,1,2011-01-14 14:32:00,3.36,,United Kingdom
536544,21328,BALLOONS  WRITING SET ,2,2011-01-15 14:32:00,3.36,,United Kingdom
536544,21349,IVY HEART WREATH,1,2011-01-16 14:32:00,13.57,,United Kingdom
536544,21352,EUCALYPTUS & PINECONE  WREATH,2,2011-01-17 14:32:00,5.91,,United Kingdom
536544,21354,TOAST ITS - BEST MUM,1,2011-01-18 14:32:00,2.51,,United Kingdom
536544,21365,MIRRORED WALL ART STARS,1,2011-01-19 14:32:00,5.91,,United Kingdom
536544,21366,MIRRORED WALL ART PHOTO FRAMES,1,2011-01-20 14:32:00,8.47,,United Kingdom
536544,21369,MIRRORED WALL ART SPLODGES,1,2011-01-21 14:32:00,7.62,,United Kingdom
536544,21372,MIRRORED WALL ART TABLE LAMP,1,2011-01-22 14:32:00,5.91,,United Kingdom
536544,21385,IVORY HANGING DECORATION  HEART,2,2011-01-23 14:32:00,1.66,,United Kingdom
536544,21407,BROWN CHECK CAT DOORSTOP ,2,2011-01-24 14:32:00,8.47,,United Kingdom
536544,21408,SPOTTY PINK DUCK DOORSTOP,1,2011-01-25 14:32:00,8.47,,United Kingdom
536544,21429,RED GINGHAM ROSE JEWELLERY BOX,5,2011-01-26 14:32:00,3.36,,United Kingdom
536544,21479,WHITE SKULL HOT WATER BOTTLE ,5,2011-01-27 14:32:00,7.62,,United Kingdom
536544,21484,CHICK GREY HOT WATER BOTTLE,4,2011-01-28 14:32:00,7.62,,United Kingdom
536544,21486,PINK HEART DOTS HOT WATER BOTTLE,1,2011-01-29 14:32:00,4.21,,United Kingdom
536544,21488,RED WHITE SCARF  HOT WATER BOTTLE,1,2011-01-30 14:32:00,8.47,,United Kingdom
536544,21507,"ELEPHANT, BIRTHDAY CARD, ",1,2011-01-31 14:32:00,0.85,,United Kingdom
536544,21523,DOORMAT FANCY FONT HOME SWEET HOME,1,2011-02-01 14:32:00,14.43,,United Kingdom
536544,21559,STRAWBERRY LUNCH BOX WITH CUTLERY,1,2011-02-02 14:32:00,5.06,,United Kingdom
536544,21563,RED HEART SHAPE LOVE BUCKET ,2,2011-02-03 14:32:00,5.91,,United Kingdom
536544,21564,PINK  HEART SHAPE LOVE BUCKET ,2,2011-02-04 14:32:00,5.91,,United Kingdom
536544,21577,SAVE THE PLANET COTTON TOTE BAG,2,2011-02-05 14:32:00,5.06,,United Kingdom
536544,21634,ASSORTED MINI MADRAS NOTEBOOK,1,2011-02-06 14:32:00,2.51,,United Kingdom
536544,21641,ASSORTED TUTTI FRUTTI KEYRING BALL,1,2011-02-07 14:32:00,1.66,,United Kingdom
536544,21658,GLASS  BEURRE DISH,1,2011-02-08 14:32:00,8.47,,United Kingdom
536544,21662,VINTAGE GLASS COFFEE CADDY,2,2011-02-09 14:32:00,11.87,,United Kingdom
536544,21679,SKULLS  STICKERS,3,2011-02-10 14:32:00,1.66,,United Kingdom
536544,21703,BAG 125g SWIRLY MARBLES,1,2011-02-11 14:32:00,0.85,,United Kingdom
536544,21704,BAG 250g SWIRLY MARBLES,1,2011-02-12 14:32:00,1.66,,United Kingdom
536544,21706,FOLDING UMBRELLA RED/WHITE POLKADOT,2,2011-02-13 14:32:00,10.17,,United Kingdom
536544,21716,BOYS VINTAGE TIN SEASIDE BUCKET,1,2011-02-14 14:32:00,5.06,,United Kingdom
536544,21721,CANDY SHOP  STICKER SHEET,1,2011-02-15 14:32:00,1.66,,United Kingdom
536544,21722,SWEET PUDDING STICKER SHEET,1,2011-02-16 14:32:00,1.66,,United Kingdom
536544,21731,RED TOADSTOOL LED NIGHT LIGHT,5,2011-02-17 14:32:00,3.36,,United Kingdom
536544,21742,LARGE ROUND WICKER PLATTER ,1,2011-02-18 14:32:00,12.72,,United Kingdom
536544,21758,VINTAGE SHELLS PRINT,1,2011-02-19 14:32:00,12.72,,United Kingdom
536545,21134,,1,2011-02-20 14:32:00,0.0,,United Kingdom
536546,22145,,1,2011-02-21 14:33:00,0.0,,United Kingdom
536547,37509,,1,2011-02-22 14:33:00,0.0,,United Kingdom
C536548,22244,3 HOOK HANGER MAGIC GARDEN,-4,2011-02-23 14:33:00,1.95,12472.0,Germany
C536548,22242,5 HOOK HANGER MAGIC TOADSTOOL,-5,2011-02-24 14:33:00,1.65,12472.0,Germany
C536548,20914,SET/5 RED RETROSPOT LID GLASS BOWLS,-1,2011-02-25 14:33:00,2.95,12472.0,Germany
C536548,22892,SET OF SALT AND PEPPER TOADSTOOLS,-7,2011-02-26 14:33:00,1.25,12472.0,Germany
C536548,22654,DELUXE SEWING KIT ,-1,2011-02-27 14:33:00,5.95,12472.0,Germany
C536548,22767,TRIPLE PHOTO FRAME CORNICE ,-2,2011-02-28 14:33:00,9.95,12472.0,Germany
C536548,22333,RETROSPOT PARTY BAG + STICKER SET,-1,2011-03-01 14:33:00,1.65,12472.0,Germany
C536548,22245,"HOOK, 1 HANGER ,MAGIC GARDEN",-2,2011-03-02 14:33:00,0.85,12472.0,Germany
C536548,22077,6 RIBBONS RUSTIC CHARM,-6,2011-03-03 14:33:00,1.65,12472.0,Germany
C536548,22631,CIRCUS PARADE LUNCH BOX ,-1,2011-03-04 14:33:00,1.95,12472.0,Germany
C536548,22168,ORGANISER WOOD ANTIQUE WHITE ,-2,2011-03-05 14:33:00,8.5,12472.0,Germany
C536548,21218,RED SPOTTY BISCUIT TIN,-3,2011-03-06 14:33:00,3.75,12472.0,Germany
C536548,20957,PORCELAIN HANGING BELL SMALL,-1,2011-03-07 14:33:00,1.45,12472.0,Germany
C536548,22580,ADVENT CALENDAR GINGHAM SACK,-4,2011-03-08 14:33:00,5.95,12472.0,Germany
536549,85226A,,1,2011-03-09 14:34:00,0.0,,United Kingdom
536550,85044,,1,2011-03-10 14:34:00,0.0,,United Kingdom
